{
  "results": [
    {
      "command": "./storm_executable",
      "mean": 0.0068861239300000016,
      "stddev": 0.00042644501643116477,
      "median": 0.00684010958,
      "user": 0.006402989999999999,
      "system": 0.00043824599999999994,
      "min": 0.00639486458,
      "max": 0.00791799458,
      "times": [
        0.00688675358,
        0.00643153158,
        0.00670088658,
        0.00639486458,
        0.0067422385800000005,
        0.00791799458,
        0.00688912758,
        0.0068659815800000005,
        0.00696820258,
        0.00643420458,
        0.00681423758,
        0.00693536258,
        0.00694912858,
        0.00673413458,
        0.00679449958,
        0.00649132158,
        0.00753097958,
        0.00702312258,
        0.00642219758,
        0.0077957085800000004
      ],
      "exit_codes": [
        0,
        0,
        0,
        0,
        0,
        0,
        0,
        0,
        0,
        0,
        0,
        0,
        0,
        0,
        0,
        0,
        0,
        0,
        0,
        0
      ]
    }
  ]
}
