{
  "results": [
    {
      "command": "./storm_executable",
      "mean": 0.0016391594600000004,
      "stddev": 0.0002540510919679242,
      "median": 0.0016221890600000002,
      "user": 0.0013022799999999998,
      "system": 0.00031851799999999995,
      "min": 0.0011907265600000002,
      "max": 0.00207262356,
      "times": [
        0.0016943795600000003,
        0.0019037035600000002,
        0.0018539325600000001,
        0.00195872956,
        0.0011907265600000002,
        0.0017927595600000003,
        0.0013694005600000001,
        0.00198666456,
        0.0013753585600000003,
        0.0014272265600000001,
        0.0015069855600000003,
        0.0014888735600000003,
        0.0013983055600000002,
        0.00207262356,
        0.0016762095600000003,
        0.0018753645600000002,
        0.0014421675600000002,
        0.0018037575600000002,
        0.0015681685600000001,
        0.0013978515600000002
      ],
      "exit_codes": [
        0,
        0,
        0,
        0,
        0,
        0,
        0,
        0,
        0,
        0,
        0,
        0,
        0,
        0,
        0,
        0,
        0,
        0,
        0,
        0
      ]
    }
  ]
}
