{
  "results": [
    {
      "command": "./storm_executable",
      "mean": 0.0009315181100000003,
      "stddev": 0.00013059104508078687,
      "median": 0.0009096854599999999,
      "user": 0.000388078,
      "system": 0.000575742,
      "min": 0.0007081459599999999,
      "max": 0.0011926199599999999,
      "times": [
        0.00106522896,
        0.0007081459599999999,
        0.0008497269599999999,
        0.00089678696,
        0.0007532719599999999,
        0.0008020729599999999,
        0.00091430496,
        0.00079851096,
        0.00093064296,
        0.0011926199599999999,
        0.00109243996,
        0.0009352709599999998,
        0.00088885896,
        0.0011192579599999999,
        0.00101002596,
        0.00079114296,
        0.0009050659599999999,
        0.00090009296,
        0.00105000796,
        0.00102688596
      ],
      "exit_codes": [
        0,
        0,
        0,
        0,
        0,
        0,
        0,
        0,
        0,
        0,
        0,
        0,
        0,
        0,
        0,
        0,
        0,
        0,
        0,
        0
      ]
    }
  ]
}
