{
  "results": [
    {
      "command": "./storm_executable",
      "mean": 0.05894807987,
      "stddev": 0.0014892800315967401,
      "median": 0.05864377432,
      "user": 0.05821675,
      "system": 0.000630185,
      "min": 0.05708675682,
      "max": 0.06281661282,
      "times": [
        0.05858194482,
        0.06077976082,
        0.05914679082,
        0.06041676782,
        0.06281661282,
        0.058861522820000005,
        0.059499746820000005,
        0.05870560382,
        0.05747124682,
        0.05762966582,
        0.057150423820000004,
        0.05787247082,
        0.06074505982,
        0.05708675682,
        0.05857861182,
        0.05808615582,
        0.059109481820000004,
        0.058080873820000004,
        0.06064769682,
        0.057694402820000004
      ],
      "exit_codes": [
        0,
        0,
        0,
        0,
        0,
        0,
        0,
        0,
        0,
        0,
        0,
        0,
        0,
        0,
        0,
        0,
        0,
        0,
        0,
        0
      ]
    }
  ]
}
