{
  "results": [
    {
      "command": "./storm_executable",
      "mean": 0.0075080708699999995,
      "stddev": 0.000207752455156175,
      "median": 0.00750978442,
      "user": 0.007102600000000001,
      "system": 0.000371156,
      "min": 0.007178567420000001,
      "max": 0.007852300420000001,
      "times": [
        0.007774538420000001,
        0.007691015420000001,
        0.0074575514200000016,
        0.007340081420000001,
        0.007646742420000002,
        0.007636206420000001,
        0.00755480442,
        0.007852300420000001,
        0.007568908420000001,
        0.007710083420000001,
        0.007839355420000001,
        0.00738725642,
        0.007178567420000001,
        0.0071977664200000005,
        0.007267022420000001,
        0.007320177420000001,
        0.007346833420000001,
        0.0074647644200000005,
        0.007585284420000001,
        0.00734215742
      ],
      "exit_codes": [
        0,
        0,
        0,
        0,
        0,
        0,
        0,
        0,
        0,
        0,
        0,
        0,
        0,
        0,
        0,
        0,
        0,
        0,
        0,
        0
      ]
    }
  ]
}
